{
  "output": [
    {
      "market": "Andhra Day",
      "base": {
        "tests": 30,
        "hits": 19,
        "rate": 63.333333333333336,
        "stake": 12600,
        "profit": 6400,
        "avg": 42,
        "removed": 30,
        "replacements": 30
      },
      "filtered": {
        "tests": 30,
        "hits": 19,
        "rate": 63.333333333333336,
        "stake": 12300,
        "profit": 6700,
        "avg": 41,
        "removed": 30,
        "replacements": 30
      },
      "replaced": {
        "tests": 30,
        "hits": 19,
        "rate": 63.333333333333336,
        "stake": 12600,
        "profit": 6400,
        "avg": 42,
        "removed": 30,
        "replacements": 30
      },
      "full8": {
        "tests": 30,
        "hits": 22,
        "rate": 73.33333333333333,
        "stake": 16320,
        "profit": 5680,
        "avg": 54.4,
        "removed": 30,
        "replacements": 30
      }
    },
    {
      "market": "Andhra Morning",
      "base": {
        "tests": 30,
        "hits": 20,
        "rate": 66.66666666666667,
        "stake": 12600,
        "profit": 7400,
        "avg": 42,
        "removed": 41,
        "replacements": 41
      },
      "filtered": {
        "tests": 30,
        "hits": 19,
        "rate": 63.333333333333336,
        "stake": 12190,
        "profit": 6810,
        "avg": 40.63333333333333,
        "removed": 41,
        "replacements": 41
      },
      "replaced": {
        "tests": 30,
        "hits": 21,
        "rate": 70,
        "stake": 12600,
        "profit": 8400,
        "avg": 42,
        "removed": 41,
        "replacements": 41
      },
      "full8": {
        "tests": 30,
        "hits": 22,
        "rate": 73.33333333333333,
        "stake": 16240,
        "profit": 5760,
        "avg": 54.13333333333333,
        "removed": 41,
        "replacements": 41
      }
    },
    {
      "market": "Andhra Night",
      "base": {
        "tests": 30,
        "hits": 21,
        "rate": 70,
        "stake": 12600,
        "profit": 8400,
        "avg": 42,
        "removed": 14,
        "replacements": 14
      },
      "filtered": {
        "tests": 30,
        "hits": 20,
        "rate": 66.66666666666667,
        "stake": 12460,
        "profit": 7540,
        "avg": 41.53333333333333,
        "removed": 14,
        "replacements": 14
      },
      "replaced": {
        "tests": 30,
        "hits": 21,
        "rate": 70,
        "stake": 12600,
        "profit": 8400,
        "avg": 42,
        "removed": 14,
        "replacements": 14
      },
      "full8": {
        "tests": 30,
        "hits": 24,
        "rate": 80,
        "stake": 16570,
        "profit": 7430,
        "avg": 55.233333333333334,
        "removed": 14,
        "replacements": 14
      }
    },
    {
      "market": "Madhur Day",
      "base": {
        "tests": 30,
        "hits": 8,
        "rate": 26.666666666666668,
        "stake": 12600,
        "profit": -4600,
        "avg": 42,
        "removed": 9,
        "replacements": 9
      },
      "filtered": {
        "tests": 30,
        "hits": 6,
        "rate": 20,
        "stake": 12510,
        "profit": -6510,
        "avg": 41.7,
        "removed": 9,
        "replacements": 9
      },
      "replaced": {
        "tests": 30,
        "hits": 6,
        "rate": 20,
        "stake": 12600,
        "profit": -6600,
        "avg": 42,
        "removed": 9,
        "replacements": 9
      },
      "full8": {
        "tests": 30,
        "hits": 10,
        "rate": 33.333333333333336,
        "stake": 16470,
        "profit": -6470,
        "avg": 54.9,
        "removed": 9,
        "replacements": 9
      }
    },
    {
      "market": "Mahadevi Morning",
      "base": {
        "tests": 30,
        "hits": 16,
        "rate": 53.333333333333336,
        "stake": 12600,
        "profit": 3400,
        "avg": 42,
        "removed": 38,
        "replacements": 38
      },
      "filtered": {
        "tests": 30,
        "hits": 16,
        "rate": 53.333333333333336,
        "stake": 12220,
        "profit": 3780,
        "avg": 40.733333333333334,
        "removed": 38,
        "replacements": 38
      },
      "replaced": {
        "tests": 30,
        "hits": 16,
        "rate": 53.333333333333336,
        "stake": 12600,
        "profit": 3400,
        "avg": 42,
        "removed": 38,
        "replacements": 38
      },
      "full8": {
        "tests": 30,
        "hits": 21,
        "rate": 70,
        "stake": 16280,
        "profit": 4720,
        "avg": 54.266666666666666,
        "removed": 38,
        "replacements": 38
      }
    },
    {
      "market": "Mahadevi",
      "base": {
        "tests": 30,
        "hits": 20,
        "rate": 66.66666666666667,
        "stake": 12600,
        "profit": 7400,
        "avg": 42,
        "removed": 21,
        "replacements": 21
      },
      "filtered": {
        "tests": 30,
        "hits": 20,
        "rate": 66.66666666666667,
        "stake": 12390,
        "profit": 7610,
        "avg": 41.3,
        "removed": 21,
        "replacements": 21
      },
      "replaced": {
        "tests": 30,
        "hits": 20,
        "rate": 66.66666666666667,
        "stake": 12600,
        "profit": 7400,
        "avg": 42,
        "removed": 21,
        "replacements": 21
      },
      "full8": {
        "tests": 30,
        "hits": 20,
        "rate": 66.66666666666667,
        "stake": 16510,
        "profit": 3490,
        "avg": 55.03333333333333,
        "removed": 21,
        "replacements": 21
      }
    },
    {
      "market": "Mangal Bazar",
      "base": {
        "tests": 30,
        "hits": 14,
        "rate": 46.666666666666664,
        "stake": 12600,
        "profit": 1400,
        "avg": 42,
        "removed": 26,
        "replacements": 26
      },
      "filtered": {
        "tests": 30,
        "hits": 14,
        "rate": 46.666666666666664,
        "stake": 12340,
        "profit": 1660,
        "avg": 41.13333333333333,
        "removed": 26,
        "replacements": 26
      },
      "replaced": {
        "tests": 30,
        "hits": 14,
        "rate": 46.666666666666664,
        "stake": 12600,
        "profit": 1400,
        "avg": 42,
        "removed": 26,
        "replacements": 26
      },
      "full8": {
        "tests": 30,
        "hits": 17,
        "rate": 56.666666666666664,
        "stake": 16410,
        "profit": 590,
        "avg": 54.7,
        "removed": 26,
        "replacements": 26
      }
    },
    {
      "market": "Maya Bazar",
      "base": {
        "tests": 30,
        "hits": 10,
        "rate": 33.333333333333336,
        "stake": 12600,
        "profit": -2600,
        "avg": 42,
        "removed": 34,
        "replacements": 34
      },
      "filtered": {
        "tests": 30,
        "hits": 10,
        "rate": 33.333333333333336,
        "stake": 12260,
        "profit": -2260,
        "avg": 40.86666666666667,
        "removed": 34,
        "replacements": 34
      },
      "replaced": {
        "tests": 30,
        "hits": 10,
        "rate": 33.333333333333336,
        "stake": 12600,
        "profit": -2600,
        "avg": 42,
        "removed": 34,
        "replacements": 34
      },
      "full8": {
        "tests": 30,
        "hits": 16,
        "rate": 53.333333333333336,
        "stake": 16340,
        "profit": -340,
        "avg": 54.46666666666667,
        "removed": 34,
        "replacements": 34
      }
    },
    {
      "market": "Milan Night",
      "base": {
        "tests": 30,
        "hits": 14,
        "rate": 46.666666666666664,
        "stake": 12600,
        "profit": 1400,
        "avg": 42,
        "removed": 26,
        "replacements": 26
      },
      "filtered": {
        "tests": 30,
        "hits": 14,
        "rate": 46.666666666666664,
        "stake": 12340,
        "profit": 1660,
        "avg": 41.13333333333333,
        "removed": 26,
        "replacements": 26
      },