{
  "output": [
    {
      "market": "Andhra Day",
      "base": {
        "tests": 30,
        "hits": 20,
        "rate": 66.66666666666667,
        "stake": 12600,
        "profit": 7400,
        "avg": 42,
        "removed": 23,
        "replacements": 23
      },
      "filtered": {
        "tests": 30,
        "hits": 20,
        "rate": 66.66666666666667,
        "stake": 12370,
        "profit": 7630,
        "avg": 41.233333333333334,
        "removed": 23,
        "replacements": 23
      },
      "replaced": {
        "tests": 30,
        "hits": 20,
        "rate": 66.66666666666667,
        "stake": 12600,
        "profit": 7400,
        "avg": 42,
        "removed": 23,
        "replacements": 23
      },
      "full8": {
        "tests": 30,
        "hits": 20,
        "rate": 66.66666666666667,
        "stake": 16380,
        "profit": 3620,
        "avg": 54.6,
        "removed": 23,
        "replacements": 23
      }
    },
    {
      "market": "Andhra Morning",
      "base": {
        "tests": 30,
        "hits": 20,
        "rate": 66.66666666666667,
        "stake": 12600,
        "profit": 7400,
        "avg": 42,
        "removed": 35,
        "replacements": 35
      },
      "filtered": {
        "tests": 30,
        "hits": 18,
        "rate": 60,
        "stake": 12250,
        "profit": 5750,
        "avg": 40.833333333333336,
        "removed": 35,
        "replacements": 35
      },
      "replaced": {
        "tests": 30,
        "hits": 18,
        "rate": 60,
        "stake": 12600,
        "profit": 5400,
        "avg": 42,
        "removed": 35,
        "replacements": 35
      },
      "full8": {
        "tests": 30,
        "hits": 20,
        "rate": 66.66666666666667,
        "stake": 16260,
        "profit": 3740,
        "avg": 54.2,
        "removed": 35,
        "replacements": 35
      }
    },
    {
      "market": "Andhra Night",
      "base": {
        "tests": 30,
        "hits": 21,
        "rate": 70,
        "stake": 12600,
        "profit": 8400,
        "avg": 42,
        "removed": 18,
        "replacements": 18
      },
      "filtered": {
        "tests": 30,
        "hits": 21,
        "rate": 70,
        "stake": 12420,
        "profit": 8580,
        "avg": 41.4,
        "removed": 18,
        "replacements": 18
      },
      "replaced": {
        "tests": 30,
        "hits": 22,
        "rate": 73.33333333333333,
        "stake": 12600,
        "profit": 9400,
        "avg": 42,
        "removed": 18,
        "replacements": 18
      },
      "full8": {
        "tests": 30,
        "hits": 23,
        "rate": 76.66666666666667,
        "stake": 16550,
        "profit": 6450,
        "avg": 55.166666666666664,
        "removed": 18,
        "replacements": 18
      }
    },
    {
      "market": "Madhur Day",
      "base": {
        "tests": 30,
        "hits": 20,
        "rate": 66.66666666666667,
        "stake": 12600,
        "profit": 7400,
        "avg": 42,
        "removed": 10,
        "replacements": 10
      },
      "filtered": {
        "tests": 30,
        "hits": 19,
        "rate": 63.333333333333336,
        "stake": 12500,
        "profit": 6500,
        "avg": 41.666666666666664,
        "removed": 10,
        "replacements": 10
      },
      "replaced": {
        "tests": 30,
        "hits": 19,
        "rate": 63.333333333333336,
        "stake": 12600,
        "profit": 6400,
        "avg": 42,
        "removed": 10,
        "replacements": 10
      },
      "full8": {
        "tests": 30,
        "hits": 20,
        "rate": 66.66666666666667,
        "stake": 16520,
        "profit": 3480,
        "avg": 55.06666666666667,
        "removed": 10,
        "replacements": 10
      }
    },
    {
      "market": "Mahadevi Morning",
      "base": {
        "tests": 30,
        "hits": 20,
        "rate": 66.66666666666667,
        "stake": 12600,
        "profit": 7400,
        "avg": 42,
        "removed": 49,
        "replacements": 49
      },
      "filtered": {
        "tests": 30,
        "hits": 20,
        "rate": 66.66666666666667,
        "stake": 12110,
        "profit": 7890,
        "avg": 40.36666666666667,
        "removed": 49,
        "replacements": 49
      },
      "replaced": {
        "tests": 30,
        "hits": 20,
        "rate": 66.66666666666667,
        "stake": 12600,
        "profit": 7400,
        "avg": 42,
        "removed": 49,
        "replacements": 49
      },
      "full8": {
        "tests": 30,
        "hits": 21,
        "rate": 70,
        "stake": 16200,
        "profit": 4800,
        "avg": 54,
        "removed": 49,
        "replacements": 49
      }
    },
    {
      "market": "Mahadevi",
      "base": {
        "tests": 30,
        "hits": 23,
        "rate": 76.66666666666667,
        "stake": 12600,
        "profit": 10400,
        "avg": 42,
        "removed": 24,
        "replacements": 24
      },
      "filtered": {
        "tests": 30,
        "hits": 23,
        "rate": 76.66666666666667,
        "stake": 12360,
        "profit": 10640,
        "avg": 41.2,
        "removed": 24,
        "replacements": 24
      },
      "replaced": {
        "tests": 30,
        "hits": 23,
        "rate": 76.66666666666667,
        "stake": 12600,
        "profit": 10400,
        "avg": 42,
        "removed": 24,
        "replacements": 24
      },
      "full8": {
        "tests": 30,
        "hits": 23,
        "rate": 76.66666666666667,
        "stake": 16490,
        "profit": 6510,
        "avg": 54.96666666666667,
        "removed": 24,
        "replacements": 24
      }
    },
    {
      "market": "Mangal Bazar",
      "base": {
        "tests": 30,
        "hits": 15,
        "rate": 50,
        "stake": 12600,
        "profit": 2400,
        "avg": 42,
        "removed": 21,
        "replacements": 21
      },
      "filtered": {
        "tests": 30,
        "hits": 15,
        "rate": 50,
        "stake": 12390,
        "profit": 2610,
        "avg": 41.3,
        "removed": 21,
        "replacements": 21
      },
      "replaced": {
        "tests": 30,
        "hits": 15,
        "rate": 50,
        "stake": 12600,
        "profit": 2400,
        "avg": 42,
        "removed": 21,
        "replacements": 21
      },
      "full8": {
        "tests": 30,
        "hits": 17,
        "rate": 56.666666666666664,
        "stake": 16430,
        "profit": 570,
        "avg": 54.766666666666666,
        "removed": 21,
        "replacements": 21
      }
    },
    {
      "market": "Maya Bazar",
      "base": {
        "tests": 30,
        "hits": 10,
        "rate": 33.333333333333336,
        "stake": 12600,
        "profit": -2600,
        "avg": 42,
        "removed": 31,
        "replacements": 31
      },
      "filtered": {
        "tests": 30,
        "hits": 10,
        "rate": 33.333333333333336,
        "stake": 12290,
        "profit": -2290,
        "avg": 40.96666666666667,
        "removed": 31,
        "replacements": 31
      },
      "replaced": {
        "tests": 30,
        "hits": 10,
        "rate": 33.333333333333336,
        "stake": 12600,
        "profit": -2600,
        "avg": 42,
        "removed": 31,
        "replacements": 31
      },
      "full8": {
        "tests": 30,
        "hits": 14,
        "rate": 46.666666666666664,
        "stake": 16390,
        "profit": -2390,
        "avg": 54.63333333333333,
        "removed": 31,
        "replacements": 31
      }
    },
    {
      "market": "Milan Night",
      "base": {
        "tests": 30,
        "hits": 13,
        "rate": 43.333333333333336,
        "stake": 12600,
        "profit": 400,
        "avg": 42,
        "removed": 28,
        "replacements": 28
      },
      "filtered": {
        "tests": 30,
        "hits": 12,
        "rate": 40,
        "stake": 12320,
        "profit": -320,
        "avg": 41.06666666666667,
        "removed": 28,
        "replacements": 28
      },
      "replaced": {
        "tests": 30,